#{"t_start": 1788138339.5124238, "env_id": "SpaceInvadersNoFrameskip-v4"}
r,l,t
50.0,1155,0.692871
110.0,1827,0.891035
125.0,2323,1.160363
210.0,2975,1.477182
140.0,2491,1.743488
115.0,2589,2.021915
155.0,1967,2.233955
155.0,1893,2.437958
400.0,2739,2.72866
135.0,2239,2.968885
200.0,2659,3.25501
110.0,1571,3.423433
150.0,2217,3.661716
55.0,1481,3.821989
260.0,2527,4.090966
160.0,2153,4.319372
420.0,3751,4.707271
110.0,2229,4.945494
220.0,2781,5.241908
210.0,2077,5.462495
145.0,1709,5.644353
120.0,1615,5.81724
650.0,3881,6.218257
150.0,2065,6.442963
105.0,2013,6.658616
395.0,2467,6.922617
85.0,1071,7.037441
20.0,1593,7.213383
105.0,1725,7.397982
105.0,1571,7.565531
55.0,1555,7.732344
20.0,1745,7.918562
85.0,1737,8.104523
110.0,1205,8.23372
50.0,1215,8.36521
75.0,1893,8.567798
210.0,2619,8.844521
305.0,3437,9.204273
100.0,1197,9.333126
155.0,3165,9.668825
50.0,1589,9.839469
520.0,3131,10.168231
135.0,2269,10.410667
425.0,2741,10.699659
90.0,1867,10.899301
425.0,2905,11.205311
240.0,2991,13.070526
100.0,1683,13.252144
135.0,2011,13.473521
210.0,2051,13.692243
95.0,1631,13.86736
210.0,2421,14.124609
200.0,2691,14.412822
80.0,2009,14.629737
40.0,1919,14.837899
180.0,2327,15.085801
90.0,1477,15.25015
255.0,2635,15.531002
45.0,1593,15.704212
30.0,1237,15.839705
220.0,2627,16.119385
195.0,2551,16.391478
65.0,1165,16.517134
105.0,1857,16.717633
185.0,2103,16.941011
180.0,2685,17.23529
45.0,1751,17.422933
100.0,1871,17.639454
105.0,2097,17.865888
175.0,2347,18.12167
80.0,1855,18.321258
105.0,2041,18.540143
155.0,2171,18.771857
155.0,1689,18.958124
105.0,1547,19.124514
410.0,3113,19.455426
800.0,4495,19.926032
120.0,2049,20.14588
180.0,1781,20.336154
55.0,1183,20.463572
45.0,1741,20.656832
140.0,1507,20.818624
35.0,1173,20.944631
120.0,1493,21.103729
105.0,1503,21.272364
215.0,3331,21.623899
210.0,1749,21.809562
80.0,1179,21.935091
195.0,2395,22.189753
65.0,1845,22.388024
120.0,1913,22.592979
155.0,1895,22.795266
355.0,3297,23.142839
135.0,1667,23.320947
80.0,1557,23.48747
60.0,1095,23.605086
90.0,1813,23.806367
60.0,1111,23.926207
50.0,1841,25.570769
210.0,2157,25.802167
75.0,1279,25.939705
285.0,2919,26.248946
285.0,2707,26.537362
395.0,3351,26.896694
150.0,2349,27.148335
185.0,2083,27.373766
155.0,2413,27.632242
80.0,1125,27.754078
155.0,1585,27.924081
320.0,2251,28.163628
95.0,1189,28.291379
110.0,2255,28.532339
210.0,1879,28.735478
80.0,1597,28.907717
65.0,1537,29.074116
135.0,2077,29.297799
405.0,2868,29.600008
35.0,1095,29.717256
185.0,2201,29.95298
155.0,1975,30.16531
215.0,2253,30.405727
65.0,1571,30.574394
55.0,1521,30.737455
140.0,2171,30.970329
105.0,2013,31.187029
375.0,2921,31.500026
210.0,2895,31.808288
260.0,2781,32.102469
135.0,1515,32.264689
15.0,1245,32.400517
370.0,3445,32.755541
305.0,2981,33.076621
50.0,1175,33.203166
135.0,1887,33.405933
50.0,1263,33.542263
110.0,2139,33.773521
185.0,3419,34.134873
210.0,2501,34.400933
135.0,2037,34.618103
75.0,1509,34.779994
215.0,2407,35.03396
135.0,1505,35.194928
45.0,1499,35.355505
90.0,1823,35.551473
45.0,1527,35.716009
90.0,1157,35.8395
155.0,2341,36.088233
260.0,2729,36.38141
80.0,2001,39.330386
105.0,1727,39.515624
180.0,2045,39.732645
50.0,1223,39.863599
175.0,2503,40.130288
155.0,1721,40.313182
180.0,2387,40.565852
390.0,2463,40.827902
135.0,2239,41.065962
135.0,2133,41.293137
50.0,1901,41.501178
150.0,1901,41.703979
180.0,2055,41.924498
100.0,1853,42.122921
155.0,2649,42.406605
120.0,2125,42.63402
120.0,1961,42.842936
80.0,1227,42.97998
215.0,2617,43.261335
125.0,2255,43.503435
55.0,1319,43.64586
65.0,1501,43.807322
20.0,1299,43.95107
80.0,1581,44.120754
65.0,1517,44.283353
215.0,2799,44.579787
215.0,2613,44.857294
330.0,3471,45.224056
80.0,1715,45.408416
100.0,1177,45.535273
115.0,3541,45.911055
65.0,1605,46.082477
135.0,1791,46.273719
370.0,3407,46.628045
50.0,1211,46.757659
210.0,2295,47.003451
110.0,1437,47.157051
75.0,1189,47.285174
170.0,2523,47.555789
125.0,1925,47.761152
45.0,1163,47.886212
125.0,1477,48.044352
240.0,2931,48.353931
90.0,1667,48.532082
90.0,1697,48.713542
180.0,1941,48.92055
105.0,2149,49.148357
50.0,1505,49.310233
170.0,2349,49.562833
435.0,2507,49.829225
620.0,3577,53.842677
115.0,1997,54.553315
95.0,1951,55.278411
330.0,5863,57.34014
175.0,2153,58.093688
385.0,4231,59.563098
40.0,2891,60.579186
50.0,1077,60.948256
320.0,3112,62.01298
215.0,2475,62.859058
105.0,1425,63.371112
405.0,5103,65.11794
465.0,3955,66.473538
160.0,2481,67.322581
40.0,2013,68.007936
190.0,3793,69.32251
70.0,1117,69.69925
155.0,2915,70.697208
150.0,3519,71.923567
55.0,1179,72.328267
135.0,2407,73.169157
510.0,3481,74.354314
310.0,4093,75.759701
140.0,2421,76.608281
520.0,4495,78.165408
160.0,2143,78.907063
685.0,3371,80.090181
140.0,2049,80.798663
280.0,3211,81.923543
65.0,1809,82.53761
385.0,2621,83.438879
85.0,1975,84.129819
50.0,1123,84.527004
25.0,1873,85.145703
555.0,4249,86.568369
65.0,2133,87.296189
80.0,1995,87.968864
235.0,2401,91.137758
270.0,3045,92.160759
250.0,3919,93.474299
310.0,3595,94.670567
250.0,2763,95.59876
155.0,2395,96.40195
310.0,2589,97.277113
335.0,3207,98.384401
440.0,4183,99.847682
225.0,3641,101.093624
335.0,2813,102.047929
125.0,2113,102.771691
125.0,2189,103.510494
215.0,3349,104.672671
165.0,3745,105.949345
335.0,2935,106.934473
200.0,2113,107.657986
130.0,2059,108.355088
110.0,1879,108.988561
225.0,2077,109.702403
550.0,5097,111.4046
310.0,4863,113.045591
135.0,2075,113.746421
170.0,2285,114.515794
345.0,4019,115.857548
30.0,1017,116.198298
295.0,2441,117.012235
135.0,1919,117.660711
380.0,3513,118.831729
125.0,1589,119.36859
140.0,1899,120.004958
20.0,1167,120.398378
615.0,3676,121.623724
635.0,3929,122.935578
105.0,1531,123.450586
350.0,3023,124.465369
435.0,3751,127.574859
90.0,2041,128.264406
195.0,2821,129.211294
170.0,2493,130.052278
105.0,1575,130.577212
185.0,2163,131.299422
115.0,2463,132.125859
415.0,2383,132.926344
160.0,2453,133.747093
270.0,2739,134.672127
355.0,3309,135.818279
260.0,3293,136.945565
320.0,3621,138.193547
505.0,3405,139.356299
195.0,2421,140.172096
540.0,4029,141.525175
150.0,2405,142.337916
230.0,1981,142.995939
170.0,2899,143.972822
325.0,3867,145.271525
420.0,4513,146.792689
155.0,1985,147.458167
475.0,2819,148.4044
205.0,1835,149.015162
180.0,3219,150.094374
390.0,2737,151.036188
235.0,2721,151.952674
565.0,4873,153.596771
215.0,3625,154.817882
280.0,3927,156.156976
190.0,1961,156.81709
530.0,3063,157.844546
130.0,2167,158.573303
510.0,2935,159.558171
240.0,2931,160.545613
55.0,1187,160.945102
180.0,2051,164.449618
250.0,2183,165.181152
280.0,3387,166.320374
105.0,1949,166.971544
65.0,1121,167.346458
170.0,1931,167.991959
290.0,2697,168.899262
45.0,1519,169.408818
135.0,2023,170.091191
310.0,3123,171.140629
105.0,2163,171.863781
205.0,2027,172.546497
220.0,2789,173.48047
160.0,1563,174.000462
320.0,2839,174.959397
45.0,1475,175.451529
180.0,2443,176.273908
305.0,3873,177.578443
145.0,1959,178.248253
150.0,2125,178.962794
185.0,2415,179.770631
205.0,2089,180.475293
35.0,1817,181.087728
445.0,3869,182.390647
240.0,2447,183.219755
55.0,1065,183.568939
200.0,1881,184.201911
120.0,2055,184.895866
170.0,2029,185.576798
120.0,1919,186.223005
390.0,4959,187.885982
510.0,5343,189.671977
90.0,1523,190.178421
160.0,1819,190.779975
470.0,3477,191.971726
220.0,3949,193.321259
285.0,2631,194.220291
90.0,1505,194.733889
480.0,2809,195.708075
195.0,2509,196.563568
110.0,1539,197.081914
240.0,2959,198.099046
150.0,1893,201.609868
180.0,2097,202.310296
280.0,2171,203.027686
355.0,3229,204.116924
335.0,3941,205.451095
195.0,2721,206.367812
310.0,1985,207.029848
135.0,2395,207.830824
250.0,2389,208.634768
245.0,2101,209.337956
105.0,1577,209.862355
530.0,3895,211.165737
180.0,1987,211.834934
160.0,2093,212.531968
260.0,2557,213.391349
45.0,1497,213.896268
120.0,1569,214.427112
565.0,4431,215.91578
225.0,1785,216.517555
175.0,1995,217.191347
135.0,1515,217.694161
180.0,2761,218.632407
125.0,1957,219.311589
185.0,1879,219.950429
165.0,1481,220.451217
105.0,1495,220.952844
220.0,2417,221.773031
120.0,1913,222.428869
60.0,1153,222.824789
240.0,4255,224.267673
230.0,2609,225.146541
275.0,2861,226.105575
335.0,2927,227.102855
250.0,2471,227.939546
220.0,1815,228.541734
450.0,4289,229.989121
255.0,2691,230.896744
230.0,2113,231.611596
515.0,3269,232.71483
180.0,1789,233.312594
245.0,2535,234.167836
400.0,3795,235.45419
265.0,2169,238.547543
65.0,1137,238.934304
225.0,2481,239.791537
420.0,3725,241.06888
385.0,3019,242.091447
205.0,1993,242.768849
200.0,2971,243.783895
220.0,2257,244.555734
285.0,2657,245.458734
370.0,2699,246.369733
175.0,2875,247.348031
115.0,1963,248.003273
270.0,2707,248.916364
190.0,1883,249.552834
405.0,2493,250.391345
20.0,1105,250.762036
280.0,2213,251.509505
185.0,2149,252.233959
290.0,3101,253.273914
145.0,1833,253.885424
215.0,2025,254.569232
235.0,2083,255.273803
230.0,2443,256.093419
80.0,1143,256.476279
195.0,2349,257.264935
240.0,2371,258.060276
530.0,4325,259.52115
240.0,2593,260.395621
450.0,2559,261.265155
380.0,3159,262.316368
105.0,1157,262.69413
185.0,1741,263.273071
110.0,1999,263.949602
270.0,2697,264.865185
215.0,2719,265.780325
190.0,2023,266.458731
175.0,2075,267.157501
320.0,2751,268.078137
215.0,2065,268.779097
235.0,2383,269.579974
485.0,2297,270.348943
85.0,1157,270.733413
250.0,2625,271.618202
365.0,3065,274.687511
180.0,2047,275.381096
190.0,1885,276.020195
175.0,1893,276.653668
245.0,2781,277.587284
210.0,1969,278.248534
185.0,2937,279.239879
510.0,3231,280.323905
165.0,1945,280.988204
340.0,3445,282.143921
375.0,2587,283.014397
145.0,2105,283.724125
120.0,1849,284.340794
295.0,3371,285.469194
275.0,3353,286.60577
75.0,1177,286.996836
290.0,3133,288.046124
195.0,1977,288.714978
700.0,4285,290.137603
190.0,2309,290.919936
670.0,4497,292.421253
420.0,3833,293.710619
185.0,2497,294.54768
240.0,2941,295.540039
180.0,1853,296.157323
250.0,2269,296.920479
395.0,3105,297.967033
140.0,2073,298.66811
295.0,2817,299.617836
270.0,2477,300.445583
205.0,2861,301.40985
400.0,3107,302.456447
235.0,2949,303.447125
445.0,3659,304.677377
160.0,1537,305.202337
120.0,1339,305.654808
155.0,1785,306.258864
205.0,1937,306.918249
85.0,1155,307.303459
475.0,3869,308.599906
205.0,1955,311.884027
140.0,2003,312.570013
240.0,2121,313.289448
260.0,2685,314.199419
165.0,3337,315.334817
400.0,3597,316.565343
370.0,3267,317.676101
60.0,1129,318.066105
315.0,2969,319.077935
285.0,2243,319.828837
145.0,1857,320.460456
210.0,1983,321.135123
240.0,2667,322.040551
400.0,3043,323.046334
110.0,2019,323.727628
205.0,3205,324.818531
345.0,3235,325.902225
480.0,2697,326.810387
230.0,2285,327.575761
260.0,2355,328.359609
150.0,1895,328.998807
155.0,1901,329.649279
570.0,5018,331.314816
220.0,3241,332.42609
210.0,2235,333.195036
75.0,1885,333.837273
235.0,2615,334.725102
325.0,2561,335.606297
330.0,2499,336.459627
585.0,3215,337.545518
370.0,2331,338.327626
210.0,1545,338.84533
570.0,4225,340.246208
260.0,2721,341.158119
120.0,1519,341.672711
335.0,3325,342.789196
515.0,2913,343.772801
305.0,2853,344.730635
225.0,1911,345.371599
315.0,3375,349.26687
210.0,2379,350.064538
150.0,2027,350.746808
180.0,2035,351.430923
235.0,2031,352.116667
215.0,2135,352.840328
420.0,3329,353.958888
160.0,2463,354.81667
270.0,2883,355.802264
215.0,1849,356.437512
495.0,3383,357.578354
105.0,2847,358.553196
135.0,2061,359.256843
210.0,3611,360.499604
330.0,2668,361.405567
295.0,2883,362.420686
415.0,2285,363.211864
610.0,3203,364.305496
255.0,2461,365.143664
360.0,3009,366.16972
395.0,3637,367.412535
210.0,2211,368.162712
230.0,1863,368.79954
735.0,4459,370.305813
260.0,2507,371.155098
165.0,1903,371.814636
125.0,2023,372.511068
215.0,1895,373.155829
80.0,1721,373.748741
125.0,1893,374.398804
125.0,1589,374.937398
200.0,2121,375.653077
195.0,2899,376.647713
245.0,2205,377.39999
400.0,2923,378.391946
375.0,3045,379.422402
395.0,3197,380.520993
310.0,3659,381.77928
75.0,1529,382.295192
445.0,2995,385.722855
195.0,1847,386.357909
140.0,1985,387.027285
85.0,1629,387.576664
300.0,2697,388.481288
260.0,2341,389.305094
570.0,3533,390.513333
250.0,2127,391.247933
120.0,1513,391.761248
250.0,2579,392.646147
700.0,4385,394.148319
155.0,1875,394.803346
390.0,2987,395.825988
330.0,3347,396.960752
125.0,1501,397.469325
125.0,2777,398.423408
175.0,1859,399.064195
285.0,2813,400.028646
260.0,2541,400.900288
340.0,3067,401.933421
320.0,2759,402.876976
185.0,1923,403.530688
415.0,3085,404.586593
75.0,1181,404.988983
345.0,3365,406.149892
305.0,2349,406.948462
215.0,1893,407.5929
300.0,3141,408.667987
410.0,2987,409.681657
315.0,2601,410.576671
845.0,4251,412.005079
100.0,2037,412.697963
185.0,2075,413.401029
180.0,2233,414.151646
55.0,1665,414.712004
190.0,2621,415.603862
200.0,2007,416.28228
60.0,1123,416.656542
275.0,2419,417.468416
125.0,1953,418.120791
110.0,1267,418.542768
325.0,3261,419.671559
170.0,2041,420.377144
175.0,1789,423.990954
175.0,2825,424.947486
175.0,1841,425.56854
105.0,1605,426.099813
135.0,2101,426.81654
275.0,2351,427.638949
90.0,1857,428.279754
430.0,3171,429.345001
340.0,3499,430.521881
520.0,2719,431.430767
145.0,2695,432.338888
615.0,3325,433.451188
165.0,2105,434.156941
375.0,4249,435.582532
165.0,1967,436.258132
155.0,1403,436.727646
160.0,1953,437.392892
100.0,1747,437.995311
365.0,2571,438.870629
130.0,1947,439.530715
350.0,3803,440.822731
660.0,3769,442.092222
310.0,2741,443.010763
175.0,2109,443.728111
230.0,2273,444.502133
105.0,1877,445.143652
460.0,4241,446.576838
50.0,1453,447.070357
360.0,2823,448.025378
415.0,3043,449.047071
140.0,1883,449.684119
245.0,2297,450.450974
185.0,2449,451.274273
345.0,3253,452.369053
40.0,1549,452.891606
130.0,1903,453.535214
245.0,2679,454.44461
150.0,1855,455.080185
205.0,1969,455.758939
400.0,3387,456.91378
265.0,2391,457.719331
125.0,2145,460.731065
255.0,2053,461.421193
185.0,1793,462.024343
275.0,2597,462.897833
220.0,1993,463.572442
440.0,3495,464.740726
150.0,2213,465.506059
315.0,2765,466.470963
90.0,1257,466.894896
490.0,4791,468.511229
260.0,1907,469.153024
375.0,2871,470.117135
430.0,3453,471.277225
245.0,2473,472.109437
320.0,2555,472.967087
550.0,3671,474.182788
130.0,1375,474.650936
250.0,2455,475.475426
290.0,2459,476.303165
185.0,2159,477.033669
270.0,2623,477.911525
120.0,1797,478.519173
160.0,1881,479.156738
255.0,1787,479.75301
215.0,2413,480.566566
85.0,1133,480.935757
145.0,1465,481.431866
185.0,1953,482.088564
375.0,3082,483.123028
240.0,2031,483.809953
335.0,3013,484.823596
135.0,1793,485.4384
250.0,2697,486.355477
170.0,1371,486.82235
105.0,1537,487.347709
340.0,3057,488.400772
155.0,1929,489.059349
120.0,1453,489.553413
385.0,3097,490.599901
100.0,1327,491.050762
60.0,1711,491.638894
165.0,1603,492.189501
150.0,1391,492.676568
220.0,1889,493.325207
145.0,1677,493.909796
260.0,2573,494.791916
190.0,1965,497.555654
590.0,3015,498.597474
185.0,2165,499.335231
675.0,3637,500.577469
400.0,2223,501.345127
165.0,1365,501.825022
210.0,1973,502.500438
35.0,1435,502.988697
340.0,1985,503.660843
195.0,2089,504.376735
195.0,2027,505.068489
410.0,3607,506.270853
490.0,3899,507.566464
180.0,2503,508.410593
145.0,1661,508.973019
205.0,1907,509.618966
200.0,2407,510.428962
280.0,2611,511.309152
155.0,1839,511.923373
290.0,2809,512.863161
150.0,1861,513.487595
150.0,1905,514.129701
175.0,2247,514.886076
215.0,2357,515.680326
520.0,3017,516.691309
140.0,1955,517.347154
370.0,2951,518.346548
315.0,2797,519.29812
405.0,2321,520.090839
615.0,3175,521.163128
185.0,1855,521.789052
370.0,2819,522.746914
330.0,2740,523.685053
215.0,1961,524.347343
520.0,3135,525.394665
700.0,4225,526.814228
205.0,2365,527.630423
115.0,2049,528.333824
425.0,4176,529.742352
195.0,2223,530.502976
385.0,3539,534.67166
405.0,3001,535.678739
850.0,4229,537.07149
575.0,4681,538.643168
215.0,2105,539.367038
480.0,3707,540.636138
265.0,2415,541.454211
270.0,2121,542.176172
180.0,1433,542.663
275.0,3151,543.751562
290.0,2595,544.627352
510.0,2981,545.638209
410.0,3337,546.771519
320.0,3007,547.792246
620.0,3551,549.005063
325.0,3151,550.109149
220.0,2519,550.966056
610.0,2939,551.954623
515.0,3748,553.242165
230.0,2085,553.955348
210.0,1925,554.616247
295.0,2463,555.458273
185.0,2389,556.278358
665.0,3459,557.444861
445.0,3633,558.66182
280.0,4061,560.072242
340.0,4105,561.474151
365.0,3211,562.540238
525.0,3141,563.590953
410.0,3039,564.623675
490.0,3483,565.789568
250.0,1981,566.46247
360.0,3181,567.546551
585.0,4663,572.223385
390.0,2919,573.218452
240.0,2633,574.128331
500.0,3587,575.349407
375.0,2797,576.305525
425.0,3346,577.440942
165.0,2773,578.387521
440.0,3955,579.738067
225.0,2073,580.454896
665.0,3601,581.692091
230.0,2393,582.509997
350.0,2401,583.333096
300.0,2159,584.059447
655.0,3003,585.079503
385.0,3347,586.199627
310.0,2933,587.210937
290.0,2401,588.020488
240.0,2481,588.874981
260.0,3225,589.983654
150.0,1739,590.567197
250.0,2167,591.311462
715.0,3289,592.418031
160.0,2085,593.127395
685.0,3253,594.2133
285.0,2605,595.112341
500.0,2627,596.026555
360.0,3139,597.09898
395.0,2469,597.923794
220.0,2167,598.648323
385.0,2731,599.56447
260.0,3187,600.638896
240.0,2235,601.387861
340.0,2611,602.265363
280.0,2563,603.12394
215.0,1933,603.767186
410.0,3345,604.887879
450.0,3483,606.048223
325.0,2175,609.927647
210.0,2375,610.745904
355.0,2601,611.632812
510.0,3947,612.95318
265.0,2583,613.8413
540.0,4827,615.464342
125.0,1695,616.027096
380.0,2743,616.951922
250.0,1997,617.625614
295.0,2537,618.479454
565.0,2819,619.422314
135.0,1729,619.998512
320.0,2941,620.992412
330.0,2643,621.879526
265.0,2583,622.737321
195.0,1989,623.403959
275.0,2499,624.250052
375.0,2571,625.119184
235.0,2283,625.884352
355.0,2861,626.845726
490.0,3367,627.996425
295.0,2979,629.007313
275.0,2937,630.007444
605.0,4359,631.444442
360.0,3087,632.471719
330.0,3999,633.811341
240.0,4349,635.275186
145.0,2565,636.136799
490.0,2695,637.028947
360.0,3057,638.046986
600.0,4193,639.435715
535.0,3013,640.442705
305.0,2385,641.249259
445.0,3333,642.355051
285.0,2773,643.285466
375.0,2885,647.466723
560.0,4371,648.908558
190.0,3255,650.008353
310.0,2765,650.936172
175.0,3639,652.167864
310.0,3475,653.338015
375.0,3117,654.387923
305.0,5363,656.223525
380.0,4521,657.758092
350.0,3363,658.925076
295.0,2655,659.828571
775.0,4603,661.390279
305.0,3589,662.610658
415.0,2953,663.610817
230.0,2487,664.446321
710.0,3865,665.759612
215.0,2467,666.589799
435.0,4049,667.94788
145.0,2885,668.921831
470.0,3341,670.059343
245.0,2619,670.965688
810.0,3879,672.267465
450.0,3425,673.41055
520.0,3869,674.714992
370.0,3395,675.860187
555.0,4555,677.38143
265.0,2823,678.3318
185.0,1961,678.98811
490.0,2815,679.935741
330.0,2577,680.814394
330.0,2703,685.125296
480.0,3165,686.196305
520.0,4357,687.648035
295.0,2773,688.585177
340.0,3007,689.591068
315.0,2309,690.369612
310.0,3077,691.419163
230.0,2233,692.18422
180.0,1953,692.840663
635.0,3845,694.139694
545.0,4349,695.587008
260.0,1957,696.256511
245.0,2621,697.158086
250.0,2215,697.915557
595.0,2925,698.912972
480.0,3689,700.158763
340.0,2775,701.099683
285.0,2187,701.837256
670.0,2999,702.842432
435.0,3820,704.141317
490.0,4255,705.557335
565.0,3201,706.661068
455.0,3643,707.868253
255.0,2461,708.696054
190.0,2527,709.562567
580.0,3531,710.753078
245.0,2071,711.443404
280.0,3403,712.583872
310.0,3121,713.639905
285.0,2843,714.610221
340.0,3347,715.755737
325.0,2922,716.74656
415.0,3723,717.994696
130.0,2137,718.717816
515.0,3735,722.69148
385.0,3011,723.701202
490.0,3993,725.043902
415.0,3609,726.246755
260.0,3175,727.316461
445.0,3201,728.392969
90.0,2125,729.12812
360.0,2611,730.009669
505.0,4607,731.559986
175.0,1953,732.22308
570.0,3755,733.499189
845.0,5067,735.2114
1000.0,4675,736.75023
235.0,1983,737.426853
225.0,2591,738.310725
375.0,2841,739.26932
495.0,2971,740.277011
305.0,3293,741.400811
555.0,3517,742.585308
460.0,2659,743.477537
60.0,1157,743.861742
95.0,1943,744.52344
265.0,2261,745.279509
565.0,3616,746.481449
350.0,3193,747.54512
210.0,2449,748.381906
200.0,2575,749.24857
230.0,2437,750.071779
550.0,4159,751.472644
105.0,1293,751.915762
365.0,3309,753.036508
70.0,1883,753.679144
440.0,2987,754.690444
200.0,1697,755.270791
370.0,3465,758.928572
585.0,2621,759.80071
155.0,1607,760.34269
360.0,2682,761.263841
365.0,4329,762.74017
610.0,3113,763.806046
495.0,3879,765.173179
350.0,2615,766.079985
360.0,3175,767.143409
245.0,2387,767.946932
480.0,3953,769.2573
510.0,3291,770.370555
60.0,1417,770.839587
180.0,2269,771.60251
305.0,2573,772.459702
170.0,2041,773.151123
40.0,1687,773.734594
555.0,4061,775.114896
245.0,2215,775.884694
380.0,3805,777.156175
390.0,3903,778.479035
215.0,1853,779.104912
320.0,2975,780.110764
155.0,1907,780.754102
310.0,2759,781.682907
150.0,2355,782.486667
420.0,3481,783.6443
730.0,4677,785.205249
465.0,3173,786.264463
630.0,2893,787.227258
170.0,2113,787.936673
360.0,2846,788.888951
345.0,3119,789.935931
525.0,4551,791.460268
370.0,3600,798.598232
365.0,2681,799.50701
530.0,3692,800.741109
435.0,3173,801.816598
285.0,2895,802.802268
460.0,3175,803.862854
520.0,3761,805.148629
500.0,3251,806.240455
280.0,2437,807.06815
305.0,2854,808.060635
75.0,1875,808.702549
210.0,2033,809.439386
645.0,3767,810.698694
755.0,4083,812.065906
345.0,2275,812.830921
470.0,3399,813.969808
240.0,2183,814.689078
360.0,3007,815.697022
335.0,3077,816.73466
265.0,2883,817.698132
270.0,2315,818.476052
345.0,3253,819.553078
750.0,3963,820.845325
490.0,4011,822.172525
750.0,3147,823.217781
600.0,3927,824.501023
515.0,3679,825.721805
800.0,4591,827.253468
540.0,4084,828.636372
265.0,2793,829.599983
290.0,2619,830.487481
525.0,3847,831.790133
475.0,3301,836.449753
705.0,3407,837.592921
190.0,2011,838.272684
310.0,2203,839.02448
260.0,2309,839.810767
575.0,4331,841.26035
550.0,3743,842.503823
505.0,3031,843.550009
570.0,4241,844.984519
155.0,2499,845.834193
220.0,2443,846.665101
625.0,3537,847.851134
180.0,2221,848.60443
805.0,5245,850.368369
240.0,2247,851.127407
550.0,4321,852.556618
180.0,2923,853.544831
265.0,3039,854.599175
545.0,4923,856.223638
540.0,3849,857.53327
445.0,3513,858.715845
375.0,3203,859.798296
290.0,3411,860.971705
450.0,3475,862.149368
325.0,2837,863.109335
130.0,2833,864.083124
600.0,4633,865.647176
720.0,3789,866.927184
295.0,3265,868.05976
600.0,5367,869.890364
470.0,3571,874.243859
580.0,3839,875.543586
490.0,3919,876.857625
690.0,5481,878.671416
725.0,3969,880.001477
280.0,2823,880.953199
280.0,2569,881.815343
775.0,4781,883.387018
575.0,3851,884.643922
570.0,4099,885.99768
155.0,2445,886.824023
470.0,2921,887.796532
430.0,3307,888.904583
225.0,2391,889.713084
495.0,3043,890.725394
545.0,4523,892.249329
490.0,4003,893.574896
410.0,3153,894.63975
650.0,3441,895.810656
170.0,1959,896.473014
190.0,1653,897.050425
620.0,4011,898.390155
545.0,4197,899.795057
545.0,4261,901.213072
520.0,4169,902.612187
545.0,3631,903.823586
290.0,3243,904.935372
110.0,2073,905.641123
425.0,2859,906.612
555.0,3788,910.589407
690.0,3815,911.865225
250.0,2749,912.797816
200.0,1959,913.451764
685.0,4503,914.953902
340.0,3141,915.990836
415.0,4157,917.374804
430.0,3325,918.495744
190.0,1845,919.117546
115.0,1601,919.659715
175.0,1827,920.265034
475.0,3311,921.381665
225.0,1703,921.95281
525.0,4347,923.356539
230.0,2427,924.178616
620.0,2958,925.211608
685.0,4313,926.672752
170.0,2021,927.365925
690.0,4129,928.736714
685.0,4613,930.284926
235.0,2623,931.170912
600.0,3943,932.473105
545.0,3737,933.724262
640.0,3457,934.877329
210.0,1943,935.535415
485.0,2251,936.300548
1070.0,4371,937.768575
295.0,2269,938.544977
545.0,2934,939.530937
745.0,3809,940.822186
550.0,3539,942.007149
600.0,4197,943.395339
805.0,4289,948.200816
700.0,4999,949.856556
990.0,5485,951.681188
365.0,2445,952.506583
355.0,2423,953.328455
315.0,2223,954.071273
700.0,4191,955.476199
575.0,3661,956.686146
650.0,4291,958.097559
505.0,3753,959.362273
335.0,2583,960.276678
310.0,2567,961.16691
575.0,3909,962.474022
315.0,3179,963.559504
525.0,2999,964.597905
365.0,2847,965.557276
405.0,2311,966.344004
715.0,3601,967.553046
800.0,4353,968.964365
720.0,4501,970.457334
130.0,1845,971.083042
420.0,2919,972.062424
800.0,4269,973.511937
680.0,4145,974.907629
240.0,2229,975.673358
600.0,4025,977.014203
1045.0,7061,979.392342
520.0,3823,980.687875
455.0,3797,986.343534
425.0,3933,987.67441
580.0,3881,988.961016
575.0,3307,990.070767
570.0,4299,991.490809
515.0,4309,992.927403
345.0,3255,994.02141
750.0,4807,995.643968
335.0,2686,996.560957
350.0,3777,997.837155
610.0,2649,998.717551
340.0,2981,999.711826
530.0,4001,1001.055364
540.0,4036,1002.405358
600.0,3915,1003.718287
270.0,3141,1004.786284
480.0,3823,1006.075661
575.0,2796,1007.041675
500.0,3783,1008.312463
460.0,3453,1009.480175
570.0,4321,1010.924159
600.0,4721,1012.483867
885.0,3841,1013.754435
875.0,5041,1015.42807
445.0,3129,1016.466601
550.0,4123,1017.84289
945.0,6045,1019.861092
330.0,2577,1024.068102
230.0,2201,1024.818239
465.0,4275,1026.243924
305.0,3187,1027.316956
335.0,3169,1028.375212
545.0,4427,1029.834496
175.0,1895,1030.465074
420.0,3079,1031.494704
320.0,2551,1032.377447
545.0,3944,1033.715668
255.0,2205,1034.458609
495.0,3681,1035.695533
130.0,1547,1036.235707
295.0,2227,1036.990279
485.0,3271,1038.114719
770.0,5599,1039.971154
545.0,3639,1041.19014
605.0,4259,1042.59172
395.0,3367,1043.714202
265.0,2237,1044.491856
545.0,3991,1045.818789
545.0,3515,1046.991462
440.0,3139,1048.043537
415.0,3305,1049.146463
210.0,2663,1050.047788
1210.0,7357,1052.502007
700.0,5715,1054.455048
350.0,4083,1055.845288
500.0,2477,1056.699296
475.0,3905,1062.1022
805.0,3787,1063.428723
310.0,2929,1064.421352
600.0,3905,1065.729182
630.0,5291,1067.528571
420.0,3045,1068.55813
455.0,3637,1069.79389
545.0,3430,1070.928089
550.0,4105,1072.290873
520.0,3932,1073.594756
765.0,5937,1075.58516
345.0,2725,1076.506466
605.0,4249,1077.915242
340.0,2347,1078.69832
550.0,4057,1080.03059
330.0,2921,1081.005812
805.0,4483,1082.47853
550.0,4127,1083.838094
475.0,3693,1085.062729
365.0,2605,1085.934033
745.0,3837,1087.202564
665.0,3471,1088.359971
880.0,5911,1090.317331
720.0,3997,1091.646434
220.0,2175,1092.372151
515.0,2765,1093.299722
515.0,3779,1094.554733
605.0,3957,1099.580519
450.0,3211,1100.659712
465.0,3483,1101.811863
1070.0,7981,1104.452505
295.0,2381,1105.256328
525.0,3441,1106.399298
570.0,3194,1107.452168
745.0,4216,1108.852175
1190.0,6815,1111.113786
355.0,3415,1112.252669
485.0,2485,1113.089679
620.0,3565,1114.277678
1030.0,5763,1116.186287
360.0,2979,1117.186609
820.0,3364,1118.313392
600.0,4159,1119.681623
745.0,4119,1121.040804
800.0,4335,1122.510513
545.0,4335,1123.936399
550.0,4474,1125.40756
545.0,4553,1126.911844
800.0,3345,1128.011047
720.0,3945,1129.321683
420.0,3175,1130.380602
255.0,2495,1131.215661
760.0,5625,1137.352751
520.0,4095,1138.716851
570.0,4377,1140.147942
540.0,3733,1141.388856
600.0,5145,1143.144471
460.0,3903,1144.476333
225.0,1815,1145.115607
600.0,4501,1146.631377
570.0,4010,1147.99045
575.0,4337,1149.457284
465.0,2629,1150.337282
920.0,3521,1151.564173
520.0,3811,1152.850501
685.0,4557,1154.375332
1290.0,8445,1157.162794
555.0,4097,1158.50077
520.0,3560,1159.686856
570.0,4317,1161.157084
570.0,4005,1162.52594
345.0,3535,1163.714539
575.0,4196,1165.099504
1375.0,6671,1167.319844
600.0,3673,1168.534244
555.0,3857,1169.80068
940.0,6005,1175.909636
680.0,4889,1177.519458
545.0,3915,1178.80713
485.0,4149,1180.176628
325.0,2751,1181.098287
770.0,4294,1182.513392
360.0,2751,1183.429192
605.0,3947,1184.726101
685.0,4963,1186.369316
705.0,5901,1188.338493
570.0,3909,1189.625575
775.0,3882,1190.899564
475.0,3233,1191.977815
470.0,3693,1193.205884
475.0,3401,1194.343596
555.0,4743,1195.907217
715.0,5083,1197.610169
575.0,3361,1198.727685
515.0,3852,1200.007742
545.0,4647,1201.560609
495.0,3119,1202.579598
745.0,3929,1203.869346
600.0,4263,1205.277705
570.0,4252,1206.667406
740.0,4255,1208.071054
605.0,4647,1214.278149
290.0,2691,1215.184269
530.0,4861,1216.838326
570.0,4613,1218.403399
800.0,3891,1219.724557
770.0,4191,1221.129868
740.0,4452,1222.603218
1200.0,8005,1225.283851
640.0,5665,1227.182908
805.0,5255,1228.908153
545.0,3372,1230.031435
540.0,4461,1231.503263
600.0,4769,1233.07355
730.0,5273,1234.847699
565.0,3649,1236.077133
960.0,6156,1238.152035
1155.0,7651,1240.693
550.0,3882,1241.963667
570.0,4097,1243.318661
545.0,4616,1244.849256
525.0,4137,1246.244237
555.0,3957,1252.182506
600.0,3945,1253.483383
575.0,4577,1254.98998
370.0,2811,1255.932035
315.0,3401,1257.07074
745.0,4277,1258.486877
655.0,3623,1259.681253
585.0,4434,1261.182962
605.0,4591,1262.720991
290.0,2369,1263.518276
890.0,6933,1265.865197
580.0,3301,1266.955735
545.0,3307,1268.050771
555.0,3852,1269.334276
575.0,4572,1270.843882
420.0,2199,1271.580538
770.0,4458,1273.049685
1575.0,9487,1276.198071
545.0,3825,1277.470861
525.0,2795,1278.408665
330.0,3205,1279.471943
570.0,3902,1280.7687
555.0,3109,1281.812346
600.0,3677,1283.007841
490.0,3575,1284.19995
745.0,3554,1289.838283
630.0,4787,1291.415573
600.0,4547,1292.909623
845.0,4847,1294.524021
770.0,4026,1295.871186
510.0,2817,1296.82444
1085.0,6051,1298.900025
555.0,3665,1300.136066
560.0,3719,1301.371888
580.0,3677,1302.622988
575.0,3642,1303.826111
575.0,3131,1304.871965
600.0,3853,1306.142574
575.0,4497,1307.627428
390.0,3393,1308.75579
1145.0,4419,1310.209972
600.0,4041,1311.534534
715.0,3424,1312.674093
545.0,4187,1314.053336
1465.0,7359,1316.493512
600.0,4175,1317.904743
515.0,4169,1319.320994
600.0,4539,1320.836875
570.0,3806,1322.130881
575.0,3386,1327.491018
655.0,3473,1328.649229
545.0,3408,1329.793731
930.0,5271,1331.530424
525.0,3171,1332.585307
470.0,3073,1333.602402
1135.0,6733,1335.844245
440.0,3047,1336.854838
545.0,3745,1338.087473
545.0,3861,1339.355605
710.0,3683,1340.579102
525.0,4005,1341.918901
690.0,4893,1343.523538
465.0,3377,1344.652246
315.0,2855,1345.615955
585.0,3992,1346.930745
555.0,4601,1348.45074
485.0,3933,1349.750175
800.0,3969,1351.06187
810.0,3303,1352.178687
1430.0,6947,1354.497798
335.0,3427,1355.646547
600.0,3997,1356.989105
1345.0,7149,1359.371356
570.0,4070,1360.728952
835.0,5487,1367.221227
480.0,3555,1368.420402
555.0,4136,1369.813249
575.0,4529,1371.35839
570.0,3633,1372.581709
720.0,3869,1373.86718
570.0,3856,1375.139616
425.0,3325,1376.252878
545.0,3787,1377.502677
600.0,3449,1378.645032
555.0,4184,1380.022872
550.0,3661,1381.23303
1170.0,6201,1383.329514
575.0,4135,1384.715394
600.0,3685,1385.949489
600.0,4351,1387.397405
515.0,3884,1388.694297
555.0,3521,1389.850891
475.0,3041,1390.865282
175.0,1657,1391.419059
445.0,3049,1392.442403
475.0,3777,1393.725291
395.0,3395,1394.863853
225.0,2667,1395.772931
515.0,4490,1397.277171
810.0,5753,1399.217147
